{
  "project_info": {
    "project_number": "495803754284",
    "firebase_url": "https://flutterfirebasepractice-a3df0-default-rtdb.firebaseio.com",
    "project_id": "flutterfirebasepractice-a3df0",
    "storage_bucket": "flutterfirebasepractice-a3df0.appspot.com"
  },
  "client": [
    {
      "client_info": {
        "mobilesdk_app_id": "1:495803754284:android:c59f0f0c13125a03d56e89",
        "android_client_info": {
          "package_name": "com.example.firebase"
        }
      },
      "oauth_client": [
        {
          "client_id": "495803754284-ho06ksk30itd4m0kchv5a27lir106jm6.apps.googleusercontent.com",
          "client_type": 3
        }
      ],
      "api_key": [
        {
          "current_key": "AIzaSyDcG4tcUzSdKkxfkZxDpu6MsIlp-jxBbBg"
        }
      ],
      "services": {
        "appinvite_service": {
          "other_platform_oauth_client": [
            {
              "client_id": "495803754284-ho06ksk30itd4m0kchv5a27lir106jm6.apps.googleusercontent.com",
              "client_type": 3
            },
            {
              "client_id": "495803754284-1mdc9qn6jrhj2144v7rua8rgear62qsu.apps.googleusercontent.com",
              "client_type": 2,
              "ios_info": {
                "bundle_id": "com.example.firebasePrc1"
              }
            }
          ]
        }
      }
    }
  ],
  "configuration_version": "1"
}